{
    "value0": {
        "cam.T_i_c": [
            {
                "px": 0.0,
                "py": 0.0,
                "pz": 0.0,
                "qx": 0.0,
                "qy": 0.0,
                "qz": 0.0,
                "qw": 1.0
            },
            {
                "px": 0.11002674958788127,
                "py": -0.00028913779866671736,
                "pz": 0.0002466250499199087,
                "qx": 0.007123658988066475,
                "qy": 0.0006289220700000503,
                "qz": 0.0010774952115908822,
                "qw": 0.9999738481299002
            }
        ],
        "cam.intrinsics": [
            {
                "cam_type": "ds",
                "fx": 351.0372832169369,
                "fy": 350.00745559780548,
                "cx": 365.88809735482206,
                "cy": 249.3457383699353,
                "p1": -0.23853128172684527,
                "p2": 0.5678694845291495,
                "p3": 0.0,
                "p4": 0.0,
                "width": 752,
                "height": 480
            },
            {
                "cam_type": "ds",
                "fx": 362.95328870323388,
                "fy": 361.8568553745816,
                "cx": 379.3550191379895,
                "cy": 256.03924167771688,
                "p1": -0.21063783723017985,
                "p2": 0.5776109411994218,
                "p3": 0.0,
                "p4": 0.0,
                "width": 752,
                "height": 480
            }
        ]
    }
}